<?xml version="1.0" encoding="utf-8"?>
        <TileMap version="1.0.0" tilemapservice="http://tms.osgeo.org/1.0.0">
          <Title>L09.tif</Title>
          <Abstract></Abstract>
          <SRS>EPSG:900913</SRS>
          <BoundingBox minx="35.50549375173954" miny="-122.44704917405676" maxx="41.71683900417525" maxy="-103.90338226873831"/>
          <Origin x="35.50549375173954" y="-122.44704917405676"/>
          <TileFormat width="512" height="512" mime-type="image/jpeg" extension="jpg"/>
          <TileSets profile="mercator">
            <TileSet href="6" units-per-pixel="2445.98490468750010" order="6"/>
            <TileSet href="7" units-per-pixel="1222.99245234375010" order="7"/>
            <TileSet href="8" units-per-pixel="611.49622617187504" order="8"/>
            <TileSet href="9" units-per-pixel="305.74811308593752" order="9"/>
            <TileSet href="10" units-per-pixel="152.87405654296876" order="10"/>
          </TileSets>
        </TileMap>
        