<?xml version="1.0" encoding="utf-8"?>
        <TileMap version="1.0.0" tilemapservice="http://tms.osgeo.org/1.0.0">
          <Title>temp.vrt</Title>
          <Abstract></Abstract>
          <SRS>EPSG:900913</SRS>
          <BoundingBox minx="31.89660783285783" miny="-122.39526599120799" maxx="36.67235425376740" maxy="-114.50851095392436"/>
          <Origin x="31.89660783285783" y="-122.39526599120799"/>
          <TileFormat width="512" height="512" mime-type="image/jpeg" extension="jpg"/>
          <TileSets profile="mercator">
            <TileSet href="6" units-per-pixel="2445.98490468750010" order="6"/>
            <TileSet href="7" units-per-pixel="1222.99245234375010" order="7"/>
            <TileSet href="8" units-per-pixel="611.49622617187504" order="8"/>
            <TileSet href="9" units-per-pixel="305.74811308593752" order="9"/>
            <TileSet href="10" units-per-pixel="152.87405654296876" order="10"/>
          </TileSets>
        </TileMap>
        